{
  "version": "1.0",
  "engine": "linux|Transformer|1.38.0|937cad81bc1b1be05e7fc3cf0f6259c4a1f3a452|2022-08-28_05:51:34AM",
  "containerized": false,
  "host_distro": {
    "name": "Ubuntu",
    "version": "20.04",
    "display_name": "Ubuntu 20.04 LTS"
  },
  "type": "build",
  "state": "done",
  "target_reference": "rust-hw:original",
  "system": {
    "type": "Linux",
    "release": "5.10.16.3-microsoft-standard-WSL2",
    "distro": {
      "name": "Debian GNU/Linux",
      "version": "11",
      "display_name": "Debian GNU/Linux 11 (bullseye)"
    }
  },
  "source_image": {
    "identity": {
      "id": "sha256:b98000418835cdf8afb713e1c1b1a4093db121f712d1412daf131a3b8bef8d64",
      "tags": [
        "original"
      ],
      "names": [
        "rust-hw:original"
      ]
    },
    "size": 1393175232,
    "size_human": "1.4 GB",
    "create_time": "2022-10-12T17:28:34Z",
    "docker_version": "",
    "architecture": "amd64",
    "exposed_ports": [
      "7878/tcp"
    ],
    "os": "linux",
    "env_vars": [
      "PATH=/usr/local/cargo/bin:/usr/local/sbin:/usr/local/bin:/usr/sbin:/usr/bin:/sbin:/bin",
      "RUSTUP_HOME=/usr/local/rustup",
      "CARGO_HOME=/usr/local/cargo",
      "RUST_VERSION=1.64.0"
    ],
    "container_entry": {
      "exe_path": ""
    }
  },
  "minified_image_size": 10623334,
  "minified_image_size_human": "11 MB",
  "minified_image": "rust-hw:slim",
  "minified_image_has_data": true,
  "minified_by": 131.1429379891473,
  "artifact_location": "/tmp/docker-slim-state/.docker-slim-state/images/b98000418835cdf8afb713e1c1b1a4093db121f712d1412daf131a3b8bef8d64/artifacts",
  "container_report_name": "creport.json",
  "seccomp_profile_name": "rust-hw-seccomp.json",
  "apparmor_profile_name": "rust-hw-apparmor-profile",
  "image_stack": [
    {
      "is_top_image": true,
      "id": "sha256:b98000418835cdf8afb713e1c1b1a4093db121f712d1412daf131a3b8bef8d64",
      "full_name": "rust-hw:original",
      "repo_name": "rust-hw",
      "version_tag": "original",
      "raw_tags": [
        "rust-hw:original"
      ],
      "create_time": "2022-10-12T17:28:34Z",
      "new_size": 1393175232,
      "new_size_human": "1.4 GB",
      "instructions": [
        {
          "type": "ADD",
          "time": "2022-10-04T23:26:27Z",
          "is_nop": true,
          "local_image_exists": false,
          "layer_index": 0,
          "size": 124126678,
          "size_human": "124 MB",
          "params": "file:d1268789456d2cdace6e50149e60404ad5a849b7c61e8fc8bc7b6e0eb6eeb7ca in /",
          "command_snippet": "ADD file:d1268789456d2cdace6e50149e60404ad5a...",
          "command_all": "ADD file:d1268789456d2cdace6e50149e60404ad5a849b7c61e8fc8bc7b6e0eb6eeb7ca /",
          "target": "/",
          "source_type": "file"
        },
        {
          "type": "CMD",
          "time": "2022-10-04T23:26:27Z",
          "is_nop": true,
          "is_exec_form": true,
          "local_image_exists": false,
          "layer_index": 0,
          "size": 0,
          "params": "[\"bash\"]\n",
          "command_snippet": "CMD [\"bash\"]\n",
          "command_all": "CMD [\"bash\"]\n"
        },
        {
          "type": "RUN",
          "time": "2022-10-05T00:54:53Z",
          "is_nop": false,
          "local_image_exists": false,
          "layer_index": 0,
          "size": 10696859,
          "size_human": "11 MB",
          "command_snippet": "RUN set -eux; \tapt-get update; \tapt-get inst...",
          "command_all": "RUN set -eux; \tapt-get update; \tapt-get install -y --no-install-recommends \t\tca-certificates \t\tcurl \t\tnetbase \t\twget \t; \trm -rf /var/lib/apt/lists/*",
          "system_commands": [
            "set -eux",
            "apt-get update",
            "apt-get install -y --no-install-recommends ca-certificates curl netbase wget",
            "rm -rf /var/lib/apt/lists/*"
          ]
        },
        {
          "type": "RUN",
          "time": "2022-10-05T00:55:00Z",
          "is_nop": false,
          "local_image_exists": false,
          "layer_index": 0,
          "size": 18951811,
          "size_human": "19 MB",
          "command_snippet": "RUN set -ex; \tif ! command -v gpg > /dev/nul...",
          "command_all": "RUN set -ex; \tif ! command -v gpg > /dev/null; then \t\tapt-get update; \t\tapt-get install -y --no-install-recommends \t\t\tgnupg \t\t\tdirmngr \t\t; \t\trm -rf /var/lib/apt/lists/*; \tfi",
          "system_commands": [
            "set -ex",
            "if ! command -v gpg > /dev/null",
            "then apt-get update",
            "apt-get install -y --no-install-recommends gnupg dirmngr",
            "rm -rf /var/lib/apt/lists/*",
            "fi"
          ]
        },
        {
          "type": "RUN",
          "time": "2022-10-05T00:55:19Z",
          "is_nop": false,
          "local_image_exists": false,
          "layer_index": 0,
          "size": 151952166,
          "size_human": "152 MB",
          "command_snippet": "RUN apt-get update && \\\n\tapt-get install -y ...",
          "command_all": "RUN apt-get update && \\\n\tapt-get install -y --no-install-recommends \t\tgit \t\tmercurial \t\topenssh-client \t\tsubversion \t\t\t\tprocps && \\\n\trm -rf /var/lib/apt/lists/*",
          "system_commands": [
            "apt-get update",
            "apt-get install -y --no-install-recommends git mercurial openssh-client subversion procps",
            "rm -rf /var/lib/apt/lists/*"
          ]
        },
        {
          "type": "RUN",
          "time": "2022-10-05T00:56:29Z",
          "is_nop": false,
          "local_image_exists": false,
          "layer_index": 0,
          "size": 528939098,
          "size_human": "529 MB",
          "command_snippet": "RUN set -ex; \tapt-get update; \tapt-get insta...",
          "command_all": "RUN set -ex; \tapt-get update; \tapt-get install -y --no-install-recommends \t\tautoconf \t\tautomake \t\tbzip2 \t\tdpkg-dev \t\tfile \t\tg++ \t\tgcc \t\timagemagick \t\tlibbz2-dev \t\tlibc6-dev \t\tlibcurl4-openssl-dev \t\tlibdb-dev \t\tlibevent-dev \t\tlibffi-dev \t\tlibgdbm-dev \t\tlibglib2.0-dev \t\tlibgmp-dev \t\tlibjpeg-dev \t\tlibkrb5-dev \t\tliblzma-dev \t\tlibmagickcore-dev \t\tlibmagickwand-dev \t\tlibmaxminddb-dev \t\tlibncurses5-dev \t\tlibncursesw5-dev \t\tlibpng-dev \t\tlibpq-dev \t\tlibreadline-dev \t\tlibsqlite3-dev \t\tlibssl-dev \t\tlibtool \t\tlibwebp-dev \t\tlibxml2-dev \t\tlibxslt-dev \t\tlibyaml-dev \t\tmake \t\tpatch \t\tunzip \t\txz-utils \t\tzlib1g-dev \t\t\t\t$( \t\t\tif apt-cache show 'default-libmysqlclient-dev' 2>/dev/null | grep -q '^Version:'; then \t\t\t\techo 'default-libmysqlclient-dev'; \t\t\telse \t\t\t\techo 'libmysqlclient-dev'; \t\t\tfi \t\t) \t; \trm -rf /var/lib/apt/lists/*",
          "system_commands": [
            "set -ex",
            "apt-get update",
            "apt-get install -y --no-install-recommends autoconf automake bzip2 dpkg-dev file g++ gcc imagemagick libbz2-dev libc6-dev libcurl4-openssl-dev libdb-dev libevent-dev libffi-dev libgdbm-dev libglib2.0-dev libgmp-dev libjpeg-dev libkrb5-dev liblzma-dev libmagickcore-dev libmagickwand-dev libmaxminddb-dev libncurses5-dev libncursesw5-dev libpng-dev libpq-dev libreadline-dev libsqlite3-dev libssl-dev libtool libwebp-dev libxml2-dev libxslt-dev libyaml-dev make patch unzip xz-utils zlib1g-dev $( if apt-cache show 'default-libmysqlclient-dev' 2>/dev/null | grep -q '^Version:'",
            "then echo 'default-libmysqlclient-dev'",
            "else echo 'libmysqlclient-dev'",
            "fi )",
            "rm -rf /var/lib/apt/lists/*"
          ]
        },
        {
          "type": "ENV",
          "time": "2022-10-05T11:46:17Z",
          "is_nop": true,
          "local_image_exists": false,
          "layer_index": 0,
          "size": 0,
          "params": "RUSTUP_HOME=/usr/local/rustup CARGO_HOME=/usr/local/cargo PATH=/usr/local/cargo/bin:/usr/local/sbin:/usr/local/bin:/usr/sbin:/usr/bin:/sbin:/bin RUST_VERSION=1.64.0",
          "command_snippet": "ENV RUSTUP_HOME=/usr/local/rustup CARGO_HOME...",
          "command_all": "ENV RUSTUP_HOME=/usr/local/rustup CARGO_HOME=/usr/local/cargo PATH=/usr/local/cargo/bin:/usr/local/sbin:/usr/local/bin:/usr/sbin:/usr/bin:/sbin:/bin RUST_VERSION=1.64.0"
        },
        {
          "type": "RUN",
          "time": "2022-10-05T11:46:30Z",
          "is_nop": false,
          "local_image_exists": false,
          "layer_index": 0,
          "size": 484582125,
          "size_human": "485 MB",
          "command_snippet": "RUN set -eux;     dpkgArch=\"$(dpkg --print-a...",
          "command_all": "RUN set -eux;     dpkgArch=\"$(dpkg --print-architecture)\";     case \"${dpkgArch##*-}\" in         amd64) rustArch='x86_64-unknown-linux-gnu'; rustupSha256='5cc9ffd1026e82e7fb2eec2121ad71f4b0f044e88bca39207b3f6b769aaa799c' ;;         armhf) rustArch='armv7-unknown-linux-gnueabihf'; rustupSha256='48c5ecfd1409da93164af20cf4ac2c6f00688b15eb6ba65047f654060c844d85' ;;         arm64) rustArch='aarch64-unknown-linux-gnu'; rustupSha256='e189948e396d47254103a49c987e7fb0e5dd8e34b200aa4481ecc4b8e41fb929' ;;         i386) rustArch='i686-unknown-linux-gnu'; rustupSha256='0e0be29c560ad958ba52fcf06b3ea04435cb3cd674fbe11ce7d954093b9504fd' ;;         *) echo >&2 \"unsupported architecture: ${dpkgArch}\"; exit 1 ;;     esac;     url=\"https://static.rust-lang.org/rustup/archive/1.25.1/${rustArch}/rustup-init\";     wget \"$url\";     echo \"${rustupSha256} *rustup-init\" | sha256sum -c -;     chmod +x rustup-init;     ./rustup-init -y --no-modify-path --profile minimal --default-toolchain $RUST_VERSION --default-host ${rustArch};     rm rustup-init;     chmod -R a+w $RUSTUP_HOME $CARGO_HOME;     rustup --version;     cargo --version;     rustc --version;",
          "system_commands": [
            "set -eux",
            "dpkgArch=\"$(dpkg --print-architecture)\"",
            "case \"${dpkgArch##*-}\" in         amd64) rustArch='x86_64-unknown-linux-gnu'",
            "rustupSha256='5cc9ffd1026e82e7fb2eec2121ad71f4b0f044e88bca39207b3f6b769aaa799c'",
            "",
            "armhf) rustArch='armv7-unknown-linux-gnueabihf'",
            "rustupSha256='48c5ecfd1409da93164af20cf4ac2c6f00688b15eb6ba65047f654060c844d85'",
            "",
            "arm64) rustArch='aarch64-unknown-linux-gnu'",
            "rustupSha256='e189948e396d47254103a49c987e7fb0e5dd8e34b200aa4481ecc4b8e41fb929'",
            "",
            "i386) rustArch='i686-unknown-linux-gnu'",
            "rustupSha256='0e0be29c560ad958ba52fcf06b3ea04435cb3cd674fbe11ce7d954093b9504fd'",
            "",
            "*) echo >&2 \"unsupported architecture: ${dpkgArch}\"",
            "exit 1",
            "",
            "esac",
            "url=\"https://static.rust-lang.org/rustup/archive/1.25.1/${rustArch}/rustup-init\"",
            "wget \"$url\"",
            "echo \"${rustupSha256} *rustup-init\" | sha256sum -c -",
            "chmod +x rustup-init",
            "./rustup-init -y --no-modify-path --profile minimal --default-toolchain $RUST_VERSION --default-host ${rustArch}",
            "rm rustup-init",
            "chmod -R a+w $RUSTUP_HOME $CARGO_HOME",
            "rustup --version",
            "cargo --version",
            "rustc --version",
            ""
          ]
        },
        {
          "type": "RUN",
          "time": "2022-10-12T17:28:33Z",
          "is_nop": false,
          "is_exec_form": true,
          "local_image_exists": false,
          "layer_index": 0,
          "size": 70011300,
          "size_human": "70 MB",
          "command_snippet": "RUN [\"COPY\",\"./\",\"./\"]",
          "command_all": "RUN [\"COPY\",\"./\",\"./\"]",
          "system_commands": [
            "[\"COPY\",\"./\",\"./\"]"
          ],
          "comment": "buildkit.dockerfile.v0"
        },
        {
          "type": "RUN",
          "time": "2022-10-12T17:28:34Z",
          "is_nop": false,
          "is_exec_form": true,
          "local_image_exists": false,
          "layer_index": 0,
          "size": 3915195,
          "size_human": "3.9 MB",
          "command_snippet": "RUN [\"RUN\",\"/bin/sh\",\"-c\",\"cargo\",\"build\",\"-...",
          "command_all": "RUN [\"RUN\",\"/bin/sh\",\"-c\",\"cargo\",\"build\",\"--release\"]",
          "system_commands": [
            "[\"RUN\",\"/bin/sh\",\"-c\",\"cargo\",\"build\",\"--release\"]"
          ],
          "comment": "buildkit.dockerfile.v0"
        },
        {
          "type": "RUN",
          "time": "2022-10-12T17:28:34Z",
          "is_nop": false,
          "is_exec_form": true,
          "local_image_exists": false,
          "layer_index": 0,
          "size": 0,
          "command_snippet": "RUN [\"EXPOSE\",\"map[7878/tcp:{}]\"]",
          "command_all": "RUN [\"EXPOSE\",\"map[7878/tcp:{}]\"]",
          "system_commands": [
            "[\"EXPOSE\",\"map[7878/tcp:{}]\"]"
          ],
          "comment": "buildkit.dockerfile.v0"
        },
        {
          "type": "RUN",
          "time": "2022-10-12T17:28:34Z",
          "is_last_instruction": true,
          "is_nop": false,
          "is_exec_form": true,
          "local_image_exists": true,
          "layer_index": 0,
          "size": 0,
          "command_snippet": "RUN [\"CMD\",\"[./target/release/slim-cloud-nat...",
          "command_all": "RUN [\"CMD\",\"[./target/release/slim-cloud-native-webserver]\"]",
          "system_commands": [
            "[\"CMD\",\"[./target/release/slim-cloud-native-webserver]\"]"
          ],
          "comment": "buildkit.dockerfile.v0",
          "raw_tags": [
            "rust-hw:original"
          ]
        }
      ]
    }
  ]
}
